[
  {
    "_id": "5a0b50159abbd30cbd307f5f",
    "_type": "block",
    "_parentId": "5a0b4fa79abbd30cbd307f52",
    "_isAvailable": true,
    "_isOptional": false,
    "_trackingId": 1,
    "_classes": "transparent",
    "body": "",
    "displayTitle": "About me",
    "title": "About me"
  },
  {
    "_id": "5a0c45609a9ead6c09da8277",
    "_type": "block",
    "_parentId": "5a0b4fa79abbd30cbd307f52",
    "_isAvailable": true,
    "_isOptional": false,
    "_trackingId": 2,
    "_classes": "beige origami-dark",
    "body": "",
    "displayTitle": "The market in 2013",
    "title": "The market in 2013"
  },
  {
    "_id": "5a0cc4a09a9ead6c09da82ac",
    "_type": "block",
    "_parentId": "5a0b4fa79abbd30cbd307f52",
    "_isAvailable": true,
    "_isOptional": false,
    "_trackingId": 3,
    "_classes": "",
    "body": "",
    "displayTitle": "Our solution",
    "title": "Our solution"
  },
  {
    "_id": "5a0c10509a9ead6c09da8268",
    "_type": "block",
    "_parentId": "5a0b4fa79abbd30cbd307f52",
    "_isAvailable": true,
    "_isOptional": false,
    "_trackingId": 4,
    "_classes": "secondary origami2-light banner",
    "body": "",
    "displayTitle": "",
    "title": "Fast-forward to 2017"
  },
  {
    "_id": "5a0ed8b2efa76cd471934a4a",
    "_type": "block",
    "_parentId": "5a0b4fa79abbd30cbd307f52",
    "_isAvailable": true,
    "_isOptional": false,
    "_trackingId": 5,
    "_classes": "tertiary banner",
    "body": "",
    "displayTitle": "",
    "title": "Version numbers"
  },
  {
    "_id": "5a0b84829abbd30cbd307f65",
    "_type": "block",
    "_parentId": "5a0b4fa79abbd30cbd307f52",
    "_isAvailable": true,
    "_isOptional": false,
    "_trackingId": 6,
    "_classes": "primary origami-light",
    "body": "",
    "displayTitle": "Where we are today",
    "title": "Where we are today"
  },
  {
    "_id": "5a0cc2b79a9ead6c09da82a1",
    "_type": "block",
    "_parentId": "5a0b4fa79abbd30cbd307f52",
    "_isAvailable": true,
    "_isOptional": false,
    "_trackingId": 7,
    "_classes": "beige",
    "body": "",
    "displayTitle": "A more competitive marketplace",
    "title": "A more competitive marketplace"
  },
  {
    "_id": "5a0b50129abbd30cbd307f5b",
    "_type": "block",
    "_parentId": "5a0b4fa79abbd30cbd307f52",
    "_isAvailable": true,
    "_isOptional": false,
    "_trackingId": 8,
    "_classes": "origami2-primary",
    "body": "",
    "displayTitle": "What's next for Adapt?",
    "title": "What's next for Adapt?"
  },
  {
    "_id": "5a0f075bdc1d45dbbdb9fc1a",
    "_type": "block",
    "_parentId": "5a0b4fa79abbd30cbd307f52",
    "_isAvailable": true,
    "_isOptional": false,
    "_trackingId": 9,
    "_classes": "beige",
    "body": "",
    "displayTitle": "Coming soon",
    "title": "Coming soon"
  },
  {
    "_id": "5a0f077cdc1d45dbbdb9fc2c",
    "_type": "block",
    "_parentId": "5a0b4fa79abbd30cbd307f52",
    "_isAvailable": true,
    "_isOptional": false,
    "_trackingId": 10,
    "_classes": "beige",
    "body": "",
    "displayTitle": "",
    "title": "Coming soon"
  },
  {
    "_id": "5a0d8cb27d600e7a807d27c7",
    "_type": "block",
    "_parentId": "5a0b4fa79abbd30cbd307f52",
    "_isAvailable": true,
    "_isOptional": false,
    "_trackingId": 11,
    "_classes": "primary",
    "body": "",
    "displayTitle": "Getting involved",
    "title": "Getting involved"
  },
  {
    "_id": "5a0daaeb7d600e7a807d27f6",
    "_type": "block",
    "_parentId": "5a0b4fa79abbd30cbd307f52",
    "_isAvailable": true,
    "_isOptional": false,
    "_trackingId": 12,
    "_classes": "",
    "body": "",
    "displayTitle": "Getting involved: content creators",
    "title": "Getting involved: content creators"
  },
  {
    "_id": "5a0da9e27d600e7a807d27f3",
    "_type": "block",
    "_parentId": "5a0b4fa79abbd30cbd307f52",
    "_isAvailable": true,
    "_isOptional": false,
    "_trackingId": 13,
    "_classes": "beige origami-dark",
    "body": "",
    "displayTitle": "Getting involved: developers",
    "title": "Getting involved: developers"
  },
  {
    "_id": "5a0ec483efa76cd471934a46",
    "_type": "block",
    "_parentId": "5a0b4fa79abbd30cbd307f52",
    "_isAvailable": true,
    "_isOptional": false,
    "_trackingId": 14,
    "_classes": "team",
    "body": "",
    "displayTitle": "Join the team",
    "title": "Join the team"
  },
  {
    "_id": "5a0b90d19abbd30cbd307f67",
    "_type": "block",
    "_parentId": "5a0b4fa79abbd30cbd307f52",
    "_isAvailable": true,
    "_isOptional": false,
    "_trackingId": 15,
    "_classes": "secondary banner",
    "body": "",
    "displayTitle": "Thanks for listening! Any questions?",
    "title": "Thanks for listening! Any questions?"
  },
  {
    "_id": "5a0cd3ac9a9ead6c09da82c3",
    "_type": "block",
    "_parentId": "5a0b4fa79abbd30cbd307f52",
    "_isAvailable": true,
    "_isOptional": false,
    "_trackingId": 16,
    "_classes": "secondary banner",
    "body": "",
    "displayTitle": "p.s. tomorrow: Adapt jam?",
    "title": "p.s. tomorrow: Adapt jam?"
  }
]